measurement,sample,field,before,after,cause
golden,preset:yidhari-qingyi-lucia,dmg,44619739,50827793,A: 旧签名错拒同相位二周期（沿用0.05容差）
golden,preset:yidhari-qingyi-lucia,stun,2,3,A: 旧签名错拒同相位二周期（沿用0.05容差）
golden,preset:yidhari-qingyi-lucia,slack,2.615,2.566,A: 旧签名错拒同相位二周期（沿用0.05容差）
golden,preset:yidhari-qingyi-lucia,slot0.exSpecialCount,11.0000,12.0000,A: 旧签名错拒同相位二周期（沿用0.05容差）
golden,preset:yidhari-qingyi-lucia,slot0.ultimateCount,3.0000,4.0000,A: 旧签名错拒同相位二周期（沿用0.05容差）
golden,preset:yidhari-qingyi-lucia,slot0.chainCountTotal,5.1788,3.0724,A: 旧签名错拒同相位二周期（沿用0.05容差）
golden,preset:yidhari-qingyi-lucia,slot0.basicAttackTime,33.294,33.329,A: 旧签名错拒同相位二周期（沿用0.05容差）
golden,preset:yidhari-qingyi-lucia,slot0.necessaryTime,57.355,57.325,A: 旧签名错拒同相位二周期（沿用0.05容差）
golden,preset:yidhari-qingyi-lucia,slot0.frontlineTime,88.117,88.131,A: 旧签名错拒同相位二周期（沿用0.05容差）
golden,preset:yidhari-qingyi-lucia,slot0.backstageTime,91.883,91.869,A: 旧签名错拒同相位二周期（沿用0.05容差）
golden,preset:yidhari-qingyi-lucia,slot1.basicAttackTime,33.294,33.329,A: 旧签名错拒同相位二周期（沿用0.05容差）
golden,preset:yidhari-qingyi-lucia,slot1.frontlineTime,69.603,69.638,A: 旧签名错拒同相位二周期（沿用0.05容差）
golden,preset:yidhari-qingyi-lucia,slot1.backstageTime,110.397,110.362,A: 旧签名错拒同相位二周期（沿用0.05容差）
golden,preset:auto-1511-1561-1411,dmg,60923300,60893236,A: 旧签名错拒同相位二周期（沿用0.05容差）
golden,preset:auto-1511-1561-1411,slot0.chainCountTotal,0.9871,0.8305,A: 旧签名错拒同相位二周期（沿用0.05容差）
golden,preset:auto-1511-1561-1411,slot0.basicAttackTime,11.835,12.339,A: 旧签名错拒同相位二周期（沿用0.05容差）
golden,preset:auto-1511-1561-1411,slot0.necessaryTime,51.409,51.073,A: 旧签名错拒同相位二周期（沿用0.05容差）
golden,preset:auto-1511-1561-1411,slot0.frontlineTime,63.244,63.411,A: 旧签名错拒同相位二周期（沿用0.05容差）
golden,preset:auto-1511-1561-1411,slot0.backstageTime,116.756,116.589,A: 旧签名错拒同相位二周期（沿用0.05容差）
golden,preset:auto-1511-1561-1411,slot1.chainCountTotal,0.9871,0.8305,A: 旧签名错拒同相位二周期（沿用0.05容差）
golden,preset:auto-1511-1561-1411,slot1.basicAttackTime,11.835,12.339,A: 旧签名错拒同相位二周期（沿用0.05容差）
golden,preset:auto-1511-1561-1411,slot1.necessaryTime,80.631,80.292,A: 旧签名错拒同相位二周期（沿用0.05容差）
golden,preset:auto-1511-1561-1411,slot1.frontlineTime,92.466,92.630,A: 旧签名错拒同相位二周期（沿用0.05容差）
golden,preset:auto-1511-1561-1411,slot1.backstageTime,87.534,87.370,A: 旧签名错拒同相位二周期（沿用0.05容差）
golden,preset:auto-1511-1561-1411,slot2.chainCountTotal,0.9871,0.8305,A: 旧签名错拒同相位二周期（沿用0.05容差）
golden,preset:auto-1511-1561-1411,slot2.necessaryTime,24.290,23.958,A: 旧签名错拒同相位二周期（沿用0.05容差）
golden,preset:auto-1511-1561-1411,slot2.frontlineTime,24.290,23.958,A: 旧签名错拒同相位二周期（沿用0.05容差）
golden,preset:auto-1511-1561-1411,slot2.backstageTime,155.710,156.042,A: 旧签名错拒同相位二周期（沿用0.05容差）
golden,preset:auto-1591-1161-1311,dmg,76938382,76937876,A: 旧签名错拒同相位二周期（沿用0.05容差）
golden,preset:auto-1591-1161-1311,slack,2.377,2.378,A: 旧签名错拒同相位二周期（沿用0.05容差）
golden,preset:auto-1591-1161-1311,slot0.chainCountTotal,2.0642,2.0637,A: 旧签名错拒同相位二周期（沿用0.05容差）
golden,preset:auto-1591-1161-1311,slot0.basicAttackTime,16.633,16.636,A: 旧签名错拒同相位二周期（沿用0.05容差）
golden,preset:auto-1591-1161-1311,slot0.necessaryTime,101.051,101.049,A: 旧签名错拒同相位二周期（沿用0.05容差）
golden,preset:auto-1591-1161-1311,slot1.chainCountTotal,2.0642,2.0637,A: 旧签名错拒同相位二周期（沿用0.05容差）
golden,preset:auto-1591-1161-1311,slot1.basicAttackTime,16.633,16.636,A: 旧签名错拒同相位二周期（沿用0.05容差）
golden,preset:auto-1591-1161-1311,slot1.necessaryTime,36.980,36.979,A: 旧签名错拒同相位二周期（沿用0.05容差）
golden,preset:auto-1591-1161-1311,slot1.frontlineTime,53.614,53.615,A: 旧签名错拒同相位二周期（沿用0.05容差）
golden,preset:auto-1591-1161-1311,slot1.backstageTime,126.386,126.385,A: 旧签名错拒同相位二周期（沿用0.05容差）
golden,preset:auto-1591-1161-1311,slot2.chainCountTotal,2.0642,2.0637,A: 旧签名错拒同相位二周期（沿用0.05容差）
golden,preset:auto-1591-1161-1311,slot2.necessaryTime,8.702,8.701,A: 旧签名错拒同相位二周期（沿用0.05容差）
golden,preset:auto-1591-1161-1311,slot2.frontlineTime,8.702,8.701,A: 旧签名错拒同相位二周期（沿用0.05容差）
golden,preset:auto-1591-1161-1311,slot2.backstageTime,171.298,171.299,A: 旧签名错拒同相位二周期（沿用0.05容差）
golden,preset:auto-1541-1511-1411,dmg,66918113,66917989,A: 旧签名错拒同相位二周期（沿用0.05容差）
golden,preset:auto-1541-1511-1411,slot0.chainCountTotal,1.3777,1.3769,A: 旧签名错拒同相位二周期（沿用0.05容差）
golden,preset:auto-1541-1511-1411,slot0.basicAttackTime,14.653,14.656,A: 旧签名错拒同相位二周期（沿用0.05容差）
golden,preset:auto-1541-1511-1411,slot0.necessaryTime,66.929,66.928,A: 旧签名错拒同相位二周期（沿用0.05容差）
golden,preset:auto-1541-1511-1411,slot0.frontlineTime,80.466,80.467,A: 旧签名错拒同相位二周期（沿用0.05容差）
golden,preset:auto-1541-1511-1411,slot0.backstageTime,99.534,99.533,A: 旧签名错拒同相位二周期（沿用0.05容差）
golden,preset:auto-1541-1511-1411,slot1.chainCountTotal,1.3777,1.3769,A: 旧签名错拒同相位二周期（沿用0.05容差）
golden,preset:auto-1541-1511-1411,slot1.basicAttackTime,14.653,14.656,A: 旧签名错拒同相位二周期（沿用0.05容差）
golden,preset:auto-1541-1511-1411,slot1.necessaryTime,56.048,56.046,A: 旧签名错拒同相位二周期（沿用0.05容差）
golden,preset:auto-1541-1511-1411,slot1.frontlineTime,70.701,70.702,A: 旧签名错拒同相位二周期（沿用0.05容差）
golden,preset:auto-1541-1511-1411,slot1.backstageTime,109.299,109.298,A: 旧签名错拒同相位二周期（沿用0.05容差）
golden,preset:auto-1541-1511-1411,slot2.chainCountTotal,1.3777,1.3769,A: 旧签名错拒同相位二周期（沿用0.05容差）
golden,preset:auto-1541-1511-1411,slot2.necessaryTime,27.717,27.715,A: 旧签名错拒同相位二周期（沿用0.05容差）
golden,preset:auto-1541-1511-1411,slot2.frontlineTime,27.717,27.715,A: 旧签名错拒同相位二周期（沿用0.05容差）
golden,preset:auto-1541-1511-1411,slot2.backstageTime,152.283,152.285,A: 旧签名错拒同相位二周期（沿用0.05容差）
golden,preset:auto-1021-1481-1341,dmg,52467368,51950407,A: 旧签名错拒同相位二周期（沿用0.05容差）
golden,preset:auto-1021-1481-1341,slot0.exSpecialCount,10.0000,9.0000,A: 旧签名错拒同相位二周期（沿用0.05容差）
golden,preset:auto-1021-1481-1341,slot0.chainCountTotal,1.1305,1.2417,A: 旧签名错拒同相位二周期（沿用0.05容差）
golden,preset:auto-1021-1481-1341,slot0.basicAttackTime,7.896,9.109,A: 旧签名错拒同相位二周期（沿用0.05容差）
golden,preset:auto-1021-1481-1341,slot0.necessaryTime,64.183,62.620,A: 旧签名错拒同相位二周期（沿用0.05容差）
golden,preset:auto-1021-1481-1341,slot0.frontlineTime,70.512,70.163,A: 旧签名错拒同相位二周期（沿用0.05容差）
golden,preset:auto-1021-1481-1341,slot0.backstageTime,109.488,109.837,A: 旧签名错拒同相位二周期（沿用0.05容差）
golden,preset:auto-1021-1481-1341,slot1.exSpecialCount,27.0000,26.0000,A: 旧签名错拒同相位二周期（沿用0.05容差）
golden,preset:auto-1021-1481-1341,slot1.chainCountTotal,1.1305,1.2417,A: 旧签名错拒同相位二周期（沿用0.05容差）
golden,preset:auto-1021-1481-1341,slot1.basicAttackTime,7.896,9.109,A: 旧签名错拒同相位二周期（沿用0.05容差）
golden,preset:auto-1021-1481-1341,slot1.necessaryTime,72.164,70.965,A: 旧签名错拒同相位二周期（沿用0.05容差）
golden,preset:auto-1021-1481-1341,slot1.frontlineTime,80.060,80.074,A: 旧签名错拒同相位二周期（沿用0.05容差）
golden,preset:auto-1021-1481-1341,slot1.backstageTime,99.940,99.926,A: 旧签名错拒同相位二周期（沿用0.05容差）
golden,preset:auto-1021-1481-1341,slot2.chainCountTotal,1.1305,1.2417,A: 旧签名错拒同相位二周期（沿用0.05容差）
golden,preset:auto-1021-1481-1341,slot2.necessaryTime,27.861,28.197,A: 旧签名错拒同相位二周期（沿用0.05容差）
golden,preset:auto-1021-1481-1341,slot2.frontlineTime,27.861,28.197,A: 旧签名错拒同相位二周期（沿用0.05容差）
golden,preset:auto-1021-1481-1341,slot2.backstageTime,152.139,151.803,A: 旧签名错拒同相位二周期（沿用0.05容差）
golden,agent:1301:c3,dmg,1675673,1675719,A: 旧签名错拒同相位二周期（沿用0.05容差）
golden,agent:1301:c3,slot0.chainCountTotal,0.8354,0.8380,A: 旧签名错拒同相位二周期（沿用0.05容差）
golden,agent:1301:c3,slot0.basicAttackTime,112.772,112.764,A: 旧签名错拒同相位二周期（沿用0.05容差）
golden,agent:1301:c3,slot0.necessaryTime,67.228,67.236,A: 旧签名错拒同相位二周期（沿用0.05容差）
golden,agent:1301:c4,dmg,1675673,1675719,A: 旧签名错拒同相位二周期（沿用0.05容差）
golden,agent:1301:c4,slot0.chainCountTotal,0.8354,0.8380,A: 旧签名错拒同相位二周期（沿用0.05容差）
golden,agent:1301:c4,slot0.basicAttackTime,112.772,112.764,A: 旧签名错拒同相位二周期（沿用0.05容差）
golden,agent:1301:c4,slot0.necessaryTime,67.228,67.236,A: 旧签名错拒同相位二周期（沿用0.05容差）
ratchet,auto-1431-1341-1031,slack,3.2,2,B: 旧签名误报二周期，修后继续迭代
ratchet,auto-1431-1341-1311,slack,4.9,3.9,B: 旧签名误报二周期，修后继续迭代
ratchet,auto-1591-1481-1311,slack,1.2,1.7,A: 旧签名错拒同相位二周期（沿用0.05容差）
ratchet,auto-1591-1161-1311,slack,2.4,2.1,A: 旧签名错拒同相位二周期（沿用0.05容差）
ratchet,auto-1021-1481-1031,outerExit,stable,cycle,A: 旧签名错拒同相位二周期（沿用0.05容差）
